Review title,source paper,author,link,availability,author2,year,title,use,ifno_why,where,lat,lon,how,paper_link,who,n_scions,n_rootstock,review_paper,notes
relevant_source_1,Grapevine Rooting Patterns: A Comprehensive Analysis and a Review,"morano, 1995",https://www.ajevonline.org/content/57/1/89,no,,,,no,,,,,,,,,,,
relevant_source_2,Grapevine Rooting Patterns: A Comprehensive Analysis and a Review,"morano and Kliewer, 1994",https://www.ajevonline.org/content/57/1/90,,"morano and Kliewer, 1994",1994,"Root Distribution of Three Grapevine Rootstocks Grafted to Cabernet Sauvignon Grown on a Very Gravelly Clay Loam Soil in Oakville, California",yes,,University of California Department of Viticulture and Enology Oakville Experimental Vine- yard.,38.43444812,-122.3518347,vineyard coordinates,https://www.ajevonline.org/content/45/3/345,crd,1,3,,
relevant_source_3,Grapevine Rooting Patterns: A Comprehensive Analysis and a Review,Sipiora et al. 2005,https://www.ajevonline.org/content/57/1/91,,Sipiora et al. 2005,2004,A role of irrigation in managing vine potassium status on a clay soil.,yes,,"Carneros appellation in California, USA",38.22321232,-122.3698494,middle of carneros,https://www.cabdirect.org/cabdirect/abstract/20053180988,crd,1,1,,only abstract available
relevant_source_4,Grapevine Rooting Patterns: A Comprehensive Analysis and a Review,Perry et al. 1983,https://www.ajevonline.org/content/57/1/92,,,,,no,not specifically on scion/rootstock,,,,,https://link.springer.com/article/10.1007/BF02182642,,,,,
relevant_source_6,Grapevine Rooting Patterns: A Comprehensive Analysis and a Review,morlat et jacquet 1993,https://www.ajevonline.org/content/57/1/94,,,,,no,"different appelations in loire, not specifically given. Also, root distribution on only one scion/rootstock ",,,,,,,,,,
relevant_source_7,Grapevine Rooting Patterns: A Comprehensive Analysis and a Review,araujo et al. 1995,https://www.ajevonline.org/content/57/1/95,,,,,no,not on scion rootstock,,,,,,,,,,
relevant_source_8,Grapevine Rooting Patterns: A Comprehensive Analysis and a Review,southey 1992,https://www.ajevonline.org/content/57/1/96,,southey 1992,1992,Root Distribution of Different Grapevine Rootstocks on a Relatively Saline Soil,yes,,Breede River Valley ,33.766667,19.833333,"in paper, converted to decimal",https://www.journals.ac.za/sajev/article/view/2189,crd,1,10,,"found from same author, but not cited in the review; electrical resistance of chenin blanc"
relevant_source_9,Grapevine Rooting Patterns: A Comprehensive Analysis and a Review,van zyl 1988,https://www.ajevonline.org/content/57/1/97,,,,,no,na,,,,,,,,,,
relevant_source_10,Grapevine Rooting Patterns: A Comprehensive Analysis and a Review,southey and archer 1988,https://www.ajevonline.org/content/57/1/98,,,,,no,na,,,,,,,,,,
relevant_source_11,Grapevine Rooting Patterns: A Comprehensive Analysis and a Review,saayman and van huyssteen 1982,https://www.ajevonline.org/content/57/1/99,,saayman and van huyssteen 1982,1982,"Soil Preparation Studies: II. The Effect of Depth and Method of Soil
Preparation and of Organic Material on the Performance of Vitis
vinifera (var. Colombar) on Clovelly/Hutton Soil ",yes,,"OVRI experimental farm, Nietvoorbij,
situated in the Cape coastal region",-33.90870097,18.86057442,location of nietvoorbij,https://www.journals.ac.za/sajev/article/view/2383,crd,1,1,,study on root growth with different treatments
relevant_source_12,Grapevine Rooting Patterns: A Comprehensive Analysis and a Review,hunter and al 1995,https://www.ajevonline.org/content/57/1/100,,hunter and al 1995,1995,"Partial Defoliation of Vitis vinifera L. cv. Cabernet Sauvignon/99 Richter: Effect on Root Growth, Canopy Efficiency; Grape Composition, and Wine Quality",yes,,"Western Cape at Nietvoorbij, Stellenbosch",-33.90870097,18.86057442,location of nietvoorbij,https://www.ajevonline.org/content/46/3/306.short,crd,1,1,,study on defoliation on a single scion/rootstock
relevant_source_13,Grapevine Rooting Patterns: A Comprehensive Analysis and a Review,williams and smith 1991,https://www.ajevonline.org/content/57/1/101,,williams and smith 1991,1991,"The Effect of Rootstock on the Partitioning of Dry Weight, Nitrogen and Potassium, and Root Distribution of Cabernet Sauvignon Grapevines",yes,,"Department of Viticulture and Enology Oakville Research Station near Oakville, California,",39.85771701,-123.1556472,location of research station,https://www.ajevonline.org/content/42/2/118?ijkey=73bb241be94f7240c5cf8c1a209a7eb233259fc0&keytype2=tf_ipsecsha,crd,1,2,,study on K and N concentrations on 1 scion and two rootstocks
relevant_source_14,Grapevine Rooting Patterns: A Comprehensive Analysis and a Review,van huyssteen 1988,https://www.ajevonline.org/content/57/1/102,,,,,no,na,,,,,,,,,,
relevant_source_15,Grapevine Rooting Patterns: A Comprehensive Analysis and a Review,saayman and van huyssteen 1980,https://www.ajevonline.org/content/57/1/103,,saayman and van huyssteen 1980,1980,Soil Preparation Studies: I. The Effect of Depth and Method of Soil Preparation and of Organic Material on the performance of Vi tis Vinifera (var. Chenin Blanc) on Hutton/Sterkspruit Soil,yes,,"OVRI experimental farm, Nietvoorbij,
situated in the Cape coastal region",-33.90870097,18.86057442,location of nietvoorbij,https://www.journals.ac.za/index.php/sajev/article/view/2419,crd,1,1,,study on root growth with different treatments; the preliminary experiment of same authors in 1982
relevant_source_16,Grapevine Rooting Patterns: A Comprehensive Analysis and a Review,southey and archer 1988,https://www.ajevonline.org/content/57/1/104,,,,,no,na,,,,,,,,,,
relevant_source_17,Grapevine Rooting Patterns: A Comprehensive Analysis and a Review,swanopoel and southey 1989,https://www.ajevonline.org/content/57/1/105,,swanopoel and southey 1989,1989,The Influence of Rootstock on the Rooting Pattern of the Grapevine,yes,,upper breede river valley,-33.67023876,19.46690462,middle of upper breede river valley,https://www.journals.ac.za/index.php/sajev/article/view/2295,crd,1,9,,
relevant_source_18,Grapevine Rooting Patterns: A Comprehensive Analysis and a Review,morlat et jacquet 2003,https://www.ajevonline.org/content/57/1/106,,morlat et jacquet 2003,2003,Grapevine Root System and Soil Characteristics in a Vineyard Maintained Long-term with or without Interrow Sward,yes,," Loire Valley, France, on the Anjou plateau",47.35,0.466667,"in paper, converted to decimal",https://www.ajevonline.org/content/54/1/1,crd,1,1,,
relevant_source_19,Grapevine Rooting Patterns: A Comprehensive Analysis and a Review,padgett johnson 1999,https://www.ajevonline.org/content/57/1/107,,,,,no,dissertation,,,,,,,,,,
relevant_source_20,Grapevine Rooting Patterns: A Comprehensive Analysis and a Review,na,https://www.ajevonline.org/content/57/1/108,,,,,no,,,,,,,,,,,
relevant_source_21,First European leaf-feeding grape phylloxera (Daktulosphaira vitifoliae Fitch) survey in Swiss and German commercial vineyards,,https://www.ajevonline.org/content/57/1/109,,,,,no,,,,,,,,,,,
relevant_source_22,Molecular advances in rootstock-scion interaction in grapevine,cookson 2013,https://www.actahort.org/books/1136/1136_21.htm,,cookson 2013,2013,Grafting with rootstocks induces extensive transcriptional re-programming in the shoot apical meristem of grapevine,yes,,in greenhouse,44.77380224,-0.566765239,based on author affiliation,https://bmcplantbiol.biomedcentral.com/articles/10.1186/1471-2229-13-147,crd,1,2,,study on the effect of rootstock on scion gene expression
relevant_source_23,Molecular advances in rootstock-scion interaction in grapevine,cookson 2014,https://www.actahort.org/books/1136/1136_21.htm,,cookson 2014,2014,Heterografting with nonself rootstocks induces genes involved in stress responses at the graft interface when compared with autografted controls ,yes,,na,44.77380224,-0.566765239,based on author affiliation,https://academic.oup.com/jxb/article/65/9/2473/524651#84834396,crd,3,3,,"objective of this study was to determine whether grafting two different grapevine genotypes alters gene expression at the graft interface;three clones used, grafter on each other."
relevant_source_24,Molecular advances in rootstock-scion interaction in grapevine,"Marè et al., 2013",https://www.actahort.org/books/1136/1136_21.htm,,"Marè et al., 2013",2013,Rootstock and soil induce transcriptome modulation of phenylpropanoid pathway in grape leaves,yes,,in greenhouse,44.90050948,8.206622713,they mentionned that they took soil in an Asti vineyard. Assume its from there,https://www.tandfonline.com/doi/full/10.1080/17429145.2012.754958,crd,1,2,,"study on the link among soil composition, rootstock and gene expression"
relevant_source_25,Molecular advances in rootstock-scion interaction in grapevine,"Agüero et al., 2005",https://www.actahort.org/books/1136/1136_21.htm,,,,,no,on botritis,,,,,,,,,,
relevant_source_26,Molecular advances in rootstock-scion interaction in grapevine,"Haroldsen et al., 2012",https://www.actahort.org/books/1136/1136_21.htm,,,,,no,review,,,,,,,,,,
relevant_source_27,Molecular advances in rootstock-scion interaction in grapevine,"Ruiz-Medrano et al., 1999",https://www.actahort.org/books/1136/1136_21.htm,,,,,no,cucumber,,,,,,,,,,
relevant_source_28,Molecular advances in rootstock-scion interaction in grapevine,"Haywood et al., 2005",https://www.actahort.org/books/1136/1136_21.htm,,,,,no,tomato,,,,,,,,,,
relevant_source_29,Molecular advances in rootstock-scion interaction in grapevine,"Kim et al., 2001",https://www.actahort.org/books/1136/1136_21.htm,,,,,no,tomato,,,,,,,,,,
relevant_source_30,Molecular advances in rootstock-scion interaction in grapevine,"Haywood et al., 2005",https://www.actahort.org/books/1136/1136_21.htm,,,,,no,tomato,,,,,,,,,,
relevant_source_31,Factors influencing stomatal conductance in response to water availability in grapevine: a meta-analysis,"Alsina M.M. et al, 2011",https://onlinelibrary.wiley.com/doi/10.1111/ppl.12530,,"Alsina M.M. et al, 2011",2011,Seasonal changes of whole root system conductance by a drought-tolerant grape root system ,yes,,"Oakville, Napa Valley (California) ",38.416667,-122.4,"in paper, converted to decimal",https://academic.oup.com/jxb/article/62/1/99/507138?login=true,crd,1,2,,
relevant_source_32,Factors influencing stomatal conductance in response to water availability in grapevine: a meta-analysis,"Centeno A. et al, 2010",https://onlinelibrary.wiley.com/doi/10.1111/ppl.12531,,,,,no,not on scion rootstock,,,,,,,1,1,,
relevant_source_33,Factors influencing stomatal conductance in response to water availability in grapevine: a meta-analysis,"Chalmers Y.M., 2007",https://onlinelibrary.wiley.com/doi/10.1111/ppl.12532,,,,,no,thesis,,,,,,,2,1,,
relevant_source_34,Factors influencing stomatal conductance in response to water availability in grapevine: a meta-analysis,"Chaves M.M. et al, 2010",https://onlinelibrary.wiley.com/doi/10.1111/ppl.12533,,,,,no,review,,,,,,,5,1,,
relevant_source_35,Factors influencing stomatal conductance in response to water availability in grapevine: a meta-analysis,"Chitarra W. et al, 2014",https://onlinelibrary.wiley.com/doi/10.1111/ppl.12534,,,,,no,not on scion rootstock,,,,,,,1,1,,
relevant_source_36,Factors influencing stomatal conductance in response to water availability in grapevine: a meta-analysis,"De Bei R. et al, 2011",https://onlinelibrary.wiley.com/doi/10.1111/ppl.12535,,"R. DE BEI, D. COZZOLINO, W. SULLIVAN, W. CYNKAR, S. FUENTES, R. DAMBERGS, J. PECH, S. TYERMAN",2010,Non-destructive measurement of grapevine water potential using near infrared spectroscopy,yes,,"Coombe vineyard at the Waite Campus of the University of Adelaide, South Australia",-34.96763,138.63345,"in paper, converted to decimal",https://onlinelibrary.wiley.com/doi/full/10.1111/j.1755-0238.2010.00117.x,crd,2,2,,study on the utility of NIR spectroscopy to measure grapevine water potential; own rooted
,,"De Bei R. et al, 2011",,,"R. DE BEI, D. COZZOLINO, W. SULLIVAN, W. CYNKAR, S. FUENTES, R. DAMBERGS, J. PECH, S. TYERMAN",2010,Non-destructive measurement of grapevine water potential using near infrared spectroscopy,yes,,"commercial Chardonnay vineyard at Qualco, South Australia",-34.10021,139.848822,"in paper, converted to decimal",https://onlinelibrary.wiley.com/doi/full/10.1111/j.1755-0238.2010.00117.x,crd,1,1,,study on the utility of NIR spectroscopy to measure grapevine water potential; 
,,"De Bei R. et al, 2011",,,"R. DE BEI, D. COZZOLINO, W. SULLIVAN, W. CYNKAR, S. FUENTES, R. DAMBERGS, J. PECH, S. TYERMAN",2010,Non-destructive measurement of grapevine water potential using near infrared spectroscopy,yes,,"glasshouse at the Waite Campus of the University of Adelaide, South Australia",-34.96763,138.633453,"in paper, converted to decimal",https://onlinelibrary.wiley.com/doi/full/10.1111/j.1755-0238.2010.00117.x,crd,2,na,,study on the utility of NIR spectroscopy to measure grapevine water potential; 
relevant_source_37,Factors influencing stomatal conductance in response to water availability in grapevine: a meta-analysis,"De Souza C.R. et al, 2005",https://onlinelibrary.wiley.com/doi/10.1111/ppl.12536,,"Close
C.R. de Souza, J.P. Maroco, T.P. dos Santos, M.L. Rodrigues, C. Lopes, J.S. Pereira, M.M. Chaves",2005,Control of stomatal aperture and carbon uptake by deficit irrigation in two grapevine cultivars,yes,,Centro Experimental de Pegoes,38.67878662,-8.610244063,pegos coordinates,https://www.sciencedirect.com/science/article/pii/S0167880904003044,crd,2,1,,
relevant_source_38,Factors influencing stomatal conductance in response to water availability in grapevine: a meta-analysis,"Downton W.J.S. et al, 1987",https://onlinelibrary.wiley.com/doi/10.1111/ppl.12537,,,,,no,not on scion rootstock,,,,,,crd,1,1,,
relevant_source_39,Factors influencing stomatal conductance in response to water availability in grapevine: a meta-analysis,"Flexas J. et al, 1998",https://onlinelibrary.wiley.com/doi/10.1111/ppl.12538,,"J. Flexas, J. M. Escalona;H. Medrano",1998,Down-regulation of photosynthesis by drought under field conditions in grapevine leaves,yes,,"commercial vineyard (Ca’n Ribas, Mallorca, Spain)",39.57208933,3.086122679,"in paper, converted to decimal",https://www-publish-csiro-au.eu1.proxy.openathens.net/fp/PP98054,crd,1,1,,study on the influence of water stress on photochemical capacity
relevant_source_40,Factors influencing stomatal conductance in response to water availability in grapevine: a meta-analysis,"Freeman B.M. et al, 1982",https://onlinelibrary.wiley.com/doi/10.1111/ppl.12539,,,,,no,not on scion rootstock,,,,,,crd,1,1,,
relevant_source_41,Factors influencing stomatal conductance in response to water availability in grapevine: a meta-analysis,"Galmés J. et al, 2007",https://onlinelibrary.wiley.com/doi/10.1111/ppl.12540,,,,,no,not on scion rootstock,,,,,,crd,1,1,,
relevant_source_42,Factors influencing stomatal conductance in response to water availability in grapevine: a meta-analysis,"Giorio P. and Nuzzo V., 2012",https://onlinelibrary.wiley.com/doi/10.1111/ppl.12541,,"Giorio P.;Nuzzo V.,",2012,"Leaf area, light environment, and gas exchange in Montepulciano grapevines trained to Tendone trellising system",yes,,Metaponto (MT) plain of southern Italy,40.866667,16.080000.,"in paper, converted to decimal",https://www.tandfonline.com/doi/full/10.1080/11263504.2011.557095?scroll=top&needAccess=true&role=tab,crd,1,1,,"study on spectral irradiance, leaf water potential, gas exchange and optical properties of montepulciano"
relevant_source_43,Factors influencing stomatal conductance in response to water availability in grapevine: a meta-analysis,"Hochberg U. et al, 2013",https://onlinelibrary.wiley.com/doi/10.1111/ppl.12542,,"Hochberg, U.;Degu, A.; Toubiana, D. et al.",2013,Metabolite profiling and network analysis reveal coordinated changes in grapevine water stress response,yes,,"greenhouse at University of the Negev, Israel",31.25281781,34.79259314,location of university,https://bmcplantbiol.biomedcentral.com/articles/10.1186/1471-2229-13-184#Ack1,crd,2,1,,study on Grapevine metabolism in response to water deficit
relevant_source_44,Factors influencing stomatal conductance in response to water availability in grapevine: a meta-analysis,"Intrigliolo D.S. et al, 2009",https://onlinelibrary.wiley.com/doi/10.1111/ppl.12543,,D.S. Intrigliolo;J.R. Castel,2009,"Response of Vitis vinifera cv. ‘Tempranillo’ to partial rootzone drying in the field: Water relations, growth, yield and fruit and wine quality",yes,,"Requena, Valencia, Spain",39.4833,-1.2167,"in paper, converted to decimal",https://www.sciencedirect.com/science/article/pii/S0378377408001881,crd,1,1,,"study on irrigation amount and partial rootzone drying on water relations, growth, yield and wine quality of tempranillo"
relevant_source_45,Factors influencing stomatal conductance in response to water availability in grapevine: a meta-analysis,"Kliewer W.M. et al, 1983",https://onlinelibrary.wiley.com/doi/10.1111/ppl.12544,,,,,no,not on scion rootstock,,,,,,crd,1,1,,
relevant_source_46,Factors influencing stomatal conductance in response to water availability in grapevine: a meta-analysis,"Loveys B.R. and During H. et al, 1984",https://onlinelibrary.wiley.com/doi/10.1111/ppl.12545,,,,,no,not on scion rootstock,,,,,,crd,2,1,,
relevant_source_47,Factors influencing stomatal conductance in response to water availability in grapevine: a meta-analysis,"Medrano H. et al, 2003",https://onlinelibrary.wiley.com/doi/10.1111/ppl.12546,,Hipólito Medrano; José M. Escalona; Josep Cifre; Josefina Bota; Jaume Flexas,2003,A ten-year study on the physiology of two Spanish grapevine cultivars under field conditions: effects of water availability from leaf photosynthesis to grape yield and quality,yes,,"commercial vineyard (herederos de Ribas S.A. Mallorca, Spain)",39.65705174,2.984552577,"in paper, but doesn't correspond to the location given. Instead I took a central location on Mallorca",https://www-publish-csiro-au.eu1.proxy.openathens.net/fp/FP02110,crd,2,1,,study on A ten-year study on the physiology of two Spanish grapevine cultivars under field conditions: effects of water availability from leaf photosynthesis to grape yield and quality
relevant_source_48,Factors influencing stomatal conductance in response to water availability in grapevine: a meta-analysis,"Meggio F. et al, 2014",https://onlinelibrary.wiley.com/doi/10.1111/ppl.12547,,F. Meggio; B. Prinsi; A.S. Negri; G. Simone Di Lorenzo; G. Lucchini; A. Pitacco; O. Failla; A. Scienza; M. Cocucci; L. Espen,2014,Biochemical and physiological responses of two grapevine rootstock genotypes to drought and salt treatments,yes,, greenhouse sited in Milan (Italy),45.4632702,9.189408263,central location in Milan,https://onlinelibrary.wiley.com/doi/full/10.1111/ajgw.12071,crd,1,1,,study on the effect of sodium chloride exposure and waterstress on two a new rootstock genotype
relevant_source_49,Factors influencing stomatal conductance in response to water availability in grapevine: a meta-analysis,"Mouthino-Pereira J.M. et al, 2004",https://onlinelibrary.wiley.com/doi/10.1111/ppl.12548,,J.M. Moutinho-Pereira; C.M. Correia; B.M. Gonçalves; E.A. Bacelar;J.M. Torres-Pereira ,2004,Leaf Gas Exchange and Water Relations of Grapevines Grown in Three Different Conditions,yes,,Campus of UTAD at Vila Real,41.316667,-7.733333,"in paper, converted to decimal",https://link.springer.com/article/10.1023/B:PHOT.0000040573.09614.1d,crd,1,1,,study on the effects of diurnal and seasonal changes in one scionxrootstock
,Factors influencing stomatal conductance in response to water availability in grapevine: a meta-analysis,"Mouthino-Pereira J.M. et al, 2004",,,J.M. Moutinho-Pereira; C.M. Correia; B.M. Gonçalves; E.A. Bacelar;J.M. Torres-Pereira ,2004,Leaf Gas Exchange and Water Relations of Grapevines Grown in Three Different Conditions,yes,,Quinta do Seixo at Pinhão,41.166667,-7.55,"in paper, converted to decimal",https://link.springer.com/article/10.1023/B:PHOT.0000040573.09614.1d,crd,1,1,,study on the effects of diurnal and seasonal changes in one scionxrootstock
,Factors influencing stomatal conductance in response to water availability in grapevine: a meta-analysis,"Mouthino-Pereira J.M. et al, 2004",,,J.M. Moutinho-Pereira; C.M. Correia; B.M. Gonçalves; E.A. Bacelar;J.M. Torres-Pereira ,2004,Leaf Gas Exchange and Water Relations of Grapevines Grown in Three Different Conditions,yes,,Quinta da Leda at Almendra,41,-7.066667,"in paper, converted to decimal",https://link.springer.com/article/10.1023/B:PHOT.0000040573.09614.1d,crd,1,1,,study on the effects of diurnal and seasonal changes in one scionxrootstock
relevant_source_50,Factors influencing stomatal conductance in response to water availability in grapevine: a meta-analysis,"Naor A. et al, 1994",https://onlinelibrary.wiley.com/doi/10.1111/ppl.12549,,,,,no,not on scion rootstock,,,,,,crd,1,1,,
relevant_source_51,Factors influencing stomatal conductance in response to water availability in grapevine: a meta-analysis,"Patakas A. And Noitsakis B., 1997",https://onlinelibrary.wiley.com/doi/10.1111/ppl.12550,,,,,no,not on scion rootstock,,,,,,crd,1,1,,
relevant_source_52,Factors influencing stomatal conductance in response to water availability in grapevine: a meta-analysis,"Patakas A. et al, 2003",https://onlinelibrary.wiley.com/doi/10.1111/ppl.12551,,Angelos Patakas; George Kofidis; Artemios M. Bosabalidis,2003,The relationships between CO2 transfer mesophyll resistance and photosynthetic efficiency in grapevine cultivars,yes,,"Laboratory of viticulture of Aristotle, University of Thessaloniki.",40.63099109,22.95923313,central location of the university,https://www.sciencedirect.com/science/article/pii/S0304423802002017,crd,3,1,,study on physiological and leaf anatomical characteristics
relevant_source_53,Factors influencing stomatal conductance in response to water availability in grapevine: a meta-analysis,"Patakas A. et al, 2005",https://onlinelibrary.wiley.com/doi/10.1111/ppl.12552,,A. Patakas; B. Noitsakis; A. Chouzouri,2005,Optimization of irrigation water use in grapevines using the relationship between transpiration and plant water status,yes,,vineyard of Gerovassileiou which is located in Epanomi,40.45375342,22.93011246,central location of the vineyard,https://www.sciencedirect.com/science/article/pii/S0167880904003032,crd,1,1,,study on grapevine treshold water status
relevant_source_54,Factors influencing stomatal conductance in response to water availability in grapevine: a meta-analysis,"Pou A. et al, 2008",https://onlinelibrary.wiley.com/doi/10.1111/ppl.12553,,,,,no,not on scion rootstock,,,,,,crd,1,1,,
relevant_source_55,Factors influencing stomatal conductance in response to water availability in grapevine: a meta-analysis,"Rodrigues M.L. et al, 2008",https://onlinelibrary.wiley.com/doi/10.1111/ppl.12554,,"Rodrigues M.L. et al, 2008",2008,Hydraulic and chemical signalling in the regulation of stomatal conductance and plant water use in field grapevines growing under deficit irrigation,yes,,commercial vineyard located 70 km south-east of Lisbon at the Centro Experimental de Pegões,30.633333,-8.65,"in paper, converted to decimal",https://pubmed.ncbi.nlm.nih.gov/32688812/,crd,2,1,,study on hydraulic and chemical signalling in two scions grafted on 1 rootstock
relevant_source_56,Factors influencing stomatal conductance in response to water availability in grapevine: a meta-analysis,"Rogiers S.Y. et al, 2012",https://onlinelibrary.wiley.com/doi/10.1111/ppl.12555,,,,,no,not on scion rootstock,,,,,,crd,1,1,,
relevant_source_57,Factors influencing stomatal conductance in response to water availability in grapevine: a meta-analysis,"Schultz H.R., 2003",https://onlinelibrary.wiley.com/doi/10.1111/ppl.12556,,"Schultz, H. R.",2003,Differences in hydraulic architecture account for near-isohydric and anisohydric behaviour of two field-grown Vitis vinifera L. cultivars during drought,yes,,"commercial vineyard near Montpellier, France",43.75,3.666667,"in paper, converted to decimal",https://onlinelibrary.wiley.com/doi/full/10.1046/j.1365-3040.2003.01064.x,crd,2,1,,study on hydraulic architecture in 2 scions and 1 rootstock
relevant_source_58,Factors influencing stomatal conductance in response to water availability in grapevine: a meta-analysis,"Smart D.R. et al, 2006",https://onlinelibrary.wiley.com/doi/10.1111/ppl.12557,,,,,no,review,,,,,,crd,1,1,,
relevant_source_59,Factors influencing stomatal conductance in response to water availability in grapevine: a meta-analysis,"Soar C.J. et al, 2006",https://onlinelibrary.wiley.com/doi/10.1111/ppl.12558,,,,,no,not on scion rootstock,,,,,,crd,1,8,,
relevant_source_60,Factors influencing stomatal conductance in response to water availability in grapevine: a meta-analysis,"Soar C.J. et al, 2006b",https://onlinelibrary.wiley.com/doi/10.1111/ppl.12559,,,,,no,not on scion rootstock,,,,,,crd,2,1,,
relevant_source_61,Factors influencing stomatal conductance in response to water availability in grapevine: a meta-analysis,"Sousa T.A. et al, 2006",https://onlinelibrary.wiley.com/doi/10.1111/ppl.12560,,,,,no,not on scion rootstock,,,,,,crd,1,1,,
relevant_source_62,Factors influencing stomatal conductance in response to water availability in grapevine: a meta-analysis,"Speirs J. et al, 2013",https://onlinelibrary.wiley.com/doi/10.1111/ppl.12561,,"Speirs J. et al, 2013",2013,Expression of ABA synthesis and metabolism genes under different irrigation strategies and atmospheric VPDs is associated with stomatal conductance in grapevine (Vitis vinifera L. cv Cabernet Sauvignon),yes,,Yalumba Oxford Landing vineyard in the South Australian Riverland,-34.43021291,139.0104087,central location of the vineyard,https://pubmed.ncbi.nlm.nih.gov/23630325/,crd,1,1,,study on ABA synthesis under different irrgation startegies
relevant_source_63,Factors influencing stomatal conductance in response to water availability in grapevine: a meta-analysis,"Tomás M. et al, 2012",https://onlinelibrary.wiley.com/doi/10.1111/ppl.12562,,,,,no,not on scion rootstock,,,,,,crd,6,1,,Own-rooted
relevant_source_64,Factors influencing stomatal conductance in response to water availability in grapevine: a meta-analysis,"Tombesi S. et al, 2014",https://onlinelibrary.wiley.com/doi/10.1111/ppl.12563,,"Tombesi S. et al, 2014",2014,"Relationships between stomatal behavior, xylem vulnerability to cavitation and leaf water relations in two cultivars of Vitis vinifera",yes,,Fac-ulty of Agriculture of the University of Perugia,42.966667,12.4,"in paper, converted to decimal",https://onlinelibrary.wiley.com/doi/full/10.1111/ppl.12180,crd,2,1,,study on the relations between stomatal behaviour and xylem vulnerability
relevant_source_65,Factors influencing stomatal conductance in response to water availability in grapevine: a meta-analysis,"Tramontini S. et al, 2013",https://onlinelibrary.wiley.com/doi/10.1111/ppl.12564,,"Tramontini S. et al, 2013",2013,Rootstock control of scion response to water stress in grapevine,yes,,"experimental vineyard located at the Faculty of Agriculture of the University of Turin (Grugliasco, Italy)",,,location of where they collected additional leaves,https://www.sciencedirect.com/science/article/pii/S0098847213000713,crd,4,2,,
relevant_source_66,Factors influencing stomatal conductance in response to water availability in grapevine: a meta-analysis,"Williams L.E. et al, 2007",https://onlinelibrary.wiley.com/doi/10.1111/ppl.12565,,,,,no,not on scion rootstock,,,,,,crd,1,1,,
relevant_source_67,Factors influencing stomatal conductance in response to water availability in grapevine: a meta-analysis,"Zsofi Z. et al, 2008",https://onlinelibrary.wiley.com/doi/10.1111/ppl.12566,,,,,no,not on scion rootstock,,,,,,crd,1,1,,
relevant_source_68,Factors influencing stomatal conductance in response to water availability in grapevine: a meta-analysis,"Zsofi Z. et al, 2009",https://onlinelibrary.wiley.com/doi/10.1111/ppl.12567,,"Zsofi Z. et al, 2008",2009,Use of stomatal conductance and pre-dawn water potential to classify terroir for the grape variety Kékfrankos,yes,,Eger-Kőlyuktető,47.86985652,20.38503282,central location of vineyard,https://onlinelibrary.wiley.com/doi/full/10.1111/j.1755-0238.2008.00036.x,crd,1,1,,
,,"Zsofi Z. et al, 2009",,,"Zsofi Z. et al, 2008",2009,Use of stomatal conductance and pre-dawn water potential to classify terroir for the grape variety Kékfrankos,yes,,Eger-Nagyeged hill,47.93425016,20.41718201,central location of vineyard,https://onlinelibrary.wiley.com/doi/full/10.1111/j.1755-0238.2008.00036.x,crd,,,,
relevant_source_69,Factors influencing stomatal conductance in response to water availability in grapevine: a meta-analysis,"Zsofi Z. et al, 2009b",https://onlinelibrary.wiley.com/doi/10.1111/ppl.12568,,,,,no,na,,,,,,crd,1,1,,
relevant_source_70,Factors influencing stomatal conductance in response to water availability in grapevine: a meta-analysis,"Zufferey V. et al, 2012",https://onlinelibrary.wiley.com/doi/10.1111/ppl.12569,,,,,no,not on scion rootstock,,,,,,crd,1,1,,
relevant_source_71,Grapevine roots: interaction with natural factors and agronomic practices,"Southey, 1992",https://www.researchgate.net/publication/306075687_Grapevine_roots_interaction_with_natural_factors_and_agronomic_practices,,,,,no ,redundant,,,,,,crd,,,,
relevant_source_72,Grapevine roots: interaction with natural factors and agronomic practices,"Carstens	et	al.,	1981",https://www.researchgate.net/publication/306075687_Grapevine_roots_interaction_with_natural_factors_and_agronomic_practices,,,,,no,na,,,,,,crd,,,,
relevant_source_73,Grapevine roots: interaction with natural factors and agronomic practices,"Archer	et	al.,	1988)",https://www.researchgate.net/publication/306075687_Grapevine_roots_interaction_with_natural_factors_and_agronomic_practices,,,,,no,na,,,,,,crd,,,,
relevant_source_74,Grapevine roots: interaction with natural factors and agronomic practices,"Hunter,	1998a",https://www.researchgate.net/publication/306075687_Grapevine_roots_interaction_with_natural_factors_and_agronomic_practices,,,,,no,not on scion rootstock,,,,,,crd,,,,
relevant_source_75,Grapevine roots: interaction with natural factors and agronomic practices,"(Hunter	 and	
Volschenk,	2001",https://www.researchgate.net/publication/306075687_Grapevine_roots_interaction_with_natural_factors_and_agronomic_practices,,,,,no,not on scion rootstock,,,,,,crd,,,,
relevant_source_76,Grapevine roots: interaction with natural factors and agronomic practices,"Hunter	et	al.,	
2010",https://www.researchgate.net/publication/306075687_Grapevine_roots_interaction_with_natural_factors_and_agronomic_practices,,,,,no,not on scion rootstock,,,,,,crd,,,,
relevant_source_77,"Rootstocks: Diversity, Domestication, and Impacts on Shoot Phenotypes","Tramontini, S. et al. (2013",https://www.sciencedirect.com/science/article/pii/S1360138515002885,,,,,no ,redundant,,,,,,crd,,,,
relevant_source_78,,"Vasanthaiah, H.K.N. et al. (2011)",https://www.sciencedirect.com/science/article/pii/S1360138515002885,,,,,no ,redundant,,,,,,crd,,,,
relevant_source_79,,"Burger, P. et al. (2009)",https://www.sciencedirect.com/science/article/pii/S1360138515002885,,,,,no,book,,,,,,,,,,
relevant_source_80,,"Soneji, J.R. and Nageswara Rao, M. (2011)",https://www.sciencedirect.com/science/article/pii/S1360138515002885,,,,,no,not on scion rootstock,,,,,,,,,,
relevant_source_81,,"Reisch, B.I. et al. (2012)",https://www.sciencedirect.com/science/article/pii/S1360138515002885,,,,,no,review,,,,,,,,,,